rising_threshold,falling_threshold,flat_threshold,n_total,n_kept,keep_rate,rising_precision,falling_precision,flat_precision,rising_keep_rate,falling_keep_rate,flat_keep_rate,rising_pred,rising_pred_correct,falling_pred,falling_pred_correct,flat_pred,flat_pred_correct,n_drop_gray,n_drop_mismatch,n_drop_no_tone,n_total_rising,n_total_falling,n_total_flat,n_kept_rising,n_kept_falling,n_kept_flat,n_kept_with_rising,n_kept_with_falling,n_kept_with_flat,output_file
0.85,0.85,0.92,6478,2753,0.424977,0.985262,0.970842,0.960873,0.540032,0.371289,0.162640,2782,2741,3361,3263,1329,1277,2439,1286,0,3135,5726,3849,1693,2126,626,1346,1864,575,dataset_r0p85_f0p85_fl0p92.json
0.85,0.86,0.92,6478,2708,0.418030,0.985262,0.972891,0.960873,0.535885,0.361160,0.161600,2782,2741,3283,3194,1329,1277,2484,1286,0,3135,5726,3849,1680,2068,622,1335,1819,571,dataset_r0p85_f0p86_fl0p92.json
0.85,0.87,0.92,6478,2653,0.409540,0.985262,0.976788,0.960873,0.531100,0.348935,0.160821,2782,2741,3188,3114,1329,1277,2542,1283,0,3135,5726,3849,1665,1998,619,1324,1764,568,dataset_r0p85_f0p87_fl0p92.json
0.85,0.88,0.92,6478,2610,0.402902,0.985262,0.979795,0.960873,0.527911,0.340552,0.160301,2782,2741,3118,3055,1329,1277,2585,1283,0,3135,5726,3849,1655,1950,617,1318,1721,566,dataset_r0p85_f0p88_fl0p92.json
0.86,0.85,0.92,6478,2748,0.424205,0.985880,0.970842,0.960873,0.536842,0.370241,0.162640,2762,2723,3361,3263,1329,1277,2447,1283,0,3135,5726,3849,1683,2120,626,1341,1859,575,dataset_r0p86_f0p85_fl0p92.json
0.86,0.86,0.92,6478,2703,0.417258,0.985880,0.972891,0.960873,0.532695,0.360112,0.161600,2762,2723,3283,3194,1329,1277,2492,1283,0,3135,5726,3849,1670,2062,622,1330,1814,571,dataset_r0p86_f0p86_fl0p92.json
0.86,0.87,0.92,6478,2648,0.408768,0.985880,0.976788,0.960873,0.527911,0.347887,0.160821,2762,2723,3188,3114,1329,1277,2550,1280,0,3135,5726,3849,1655,1992,619,1319,1759,568,dataset_r0p86_f0p87_fl0p92.json
0.86,0.88,0.92,6478,2605,0.402130,0.985880,0.979795,0.960873,0.524721,0.339504,0.160301,2762,2723,3118,3055,1329,1277,2593,1280,0,3135,5726,3849,1645,1944,617,1313,1716,566,dataset_r0p86_f0p88_fl0p92.json
0.87,0.85,0.92,6478,2743,0.423433,0.986541,0.970842,0.960873,0.533333,0.369717,0.162640,2749,2712,3361,3263,1329,1277,2452,1283,0,3135,5726,3849,1672,2117,626,1336,1856,575,dataset_r0p87_f0p85_fl0p92.json
0.87,0.86,0.92,6478,2698,0.416487,0.986541,0.972891,0.960873,0.529187,0.359588,0.161600,2749,2712,3283,3194,1329,1277,2497,1283,0,3135,5726,3849,1659,2059,622,1325,1811,571,dataset_r0p87_f0p86_fl0p92.json
0.87,0.87,0.92,6478,2643,0.407996,0.986541,0.976788,0.960873,0.524402,0.347363,0.160821,2749,2712,3188,3114,1329,1277,2555,1280,0,3135,5726,3849,1644,1989,619,1314,1756,568,dataset_r0p87_f0p87_fl0p92.json
0.87,0.88,0.92,6478,2600,0.401358,0.986541,0.979795,0.960873,0.521212,0.338980,0.160301,2749,2712,3118,3055,1329,1277,2598,1280,0,3135,5726,3849,1634,1941,617,1308,1713,566,dataset_r0p87_f0p88_fl0p92.json
0.88,0.85,0.92,6478,2735,0.422198,0.986452,0.970842,0.960873,0.527911,0.369193,0.161600,2731,2694,3361,3263,1329,1277,2463,1280,0,3135,5726,3849,1655,2114,622,1328,1853,572,dataset_r0p88_f0p85_fl0p92.json
0.88,0.86,0.92,6478,2690,0.415252,0.986452,0.972891,0.960873,0.523764,0.359064,0.160561,2731,2694,3283,3194,1329,1277,2508,1280,0,3135,5726,3849,1642,2056,618,1317,1808,568,dataset_r0p88_f0p86_fl0p92.json
0.88,0.87,0.92,6478,2635,0.406761,0.986452,0.976788,0.960873,0.518979,0.346839,0.159782,2731,2694,3188,3114,1329,1277,2566,1277,0,3135,5726,3849,1627,1986,615,1306,1753,565,dataset_r0p88_f0p87_fl0p92.json
0.88,0.88,0.92,6478,2593,0.400278,0.986452,0.979795,0.960873,0.516427,0.338631,0.159262,2731,2694,3118,3055,1329,1277,2608,1277,0,3135,5726,3849,1619,1939,613,1301,1711,563,dataset_r0p88_f0p88_fl0p92.json
